task,source_branch,source_dev,source_path,dest_path,file_sha,file_size,file_mode
activity-logger,lueyang-dev,lueyang,tasks/lueyang/activity-logger/docs/agent_system_prompt.md,tasks/finalpool/activity-logger/docs/agent_system_prompt.md,7a82a562e46f10f38686207de278b025e71ad4ef,122,100644
activity-logger,lueyang-dev,lueyang,tasks/lueyang/activity-logger/docs/task.md,tasks/finalpool/activity-logger/docs/task.md,07edc9f1cfe064d09b7be11ca2b4734c08576e9f,89,100644
activity-logger,lueyang-dev,lueyang,tasks/lueyang/activity-logger/docs/user_system_prompt.md,tasks/finalpool/activity-logger/docs/user_system_prompt.md,da1a27fb93161168ecc4eeb7c35643d2b9b36094,50,100644
activity-logger,lueyang-dev,lueyang,tasks/lueyang/activity-logger/evaluation/main.py,tasks/finalpool/activity-logger/evaluation/main.py,0f298beb21821c4db21c127480e884e38c18fae4,278,100644
activity-logger,lueyang-dev,lueyang,tasks/lueyang/activity-logger/initial_workspace/readme.txt,tasks/finalpool/activity-logger/initial_workspace/readme.txt,452e4680c1b6da081ff40b73c7999d3644b92e89,38,100644
alert-system,yuzhen-dev,yuzhen,tasks/yuzhen/alert-system/docs/agent_system_prompt.md,tasks/finalpool/alert-system/docs/agent_system_prompt.md,daf846d28fc258b794e052885d0d782356efceca,119,100644
alert-system,yuzhen-dev,yuzhen,tasks/yuzhen/alert-system/docs/task.md,tasks/finalpool/alert-system/docs/task.md,eac81c97cd8eebd513af6ca025bf49813ed834d4,83,100644
alert-system,yuzhen-dev,yuzhen,tasks/yuzhen/alert-system/docs/user_system_prompt.md,tasks/finalpool/alert-system/docs/user_system_prompt.md,4e3eea68322462c2a8b9d5d65be02fd8cf74f23e,47,100644
alert-system,yuzhen-dev,yuzhen,tasks/yuzhen/alert-system/evaluation/main.py,tasks/finalpool/alert-system/evaluation/main.py,3ec09e6e52ec5c40eb0399701e631efc1066d054,275,100644
alert-system,yuzhen-dev,yuzhen,tasks/yuzhen/alert-system/preprocess/main.py,tasks/finalpool/alert-system/preprocess/main.py,9b394352cab8316b37f15f0172e79d0e7e629e9e,56,100644
analytics-dashboard,lv,lv,tasks/lv/analytics-dashboard/docs/agent_system_prompt.md,tasks/finalpool/analytics-dashboard/docs/agent_system_prompt.md,af735f9c24c4c27d465651ef0f6b5348f368a696,126,100644
analytics-dashboard,lv,lv,tasks/lv/analytics-dashboard/docs/task.md,tasks/finalpool/analytics-dashboard/docs/task.md,3e22a21e8d234cf17bfb22546c340cb50e2220da,97,100644
analytics-dashboard,lv,lv,tasks/lv/analytics-dashboard/docs/user_system_prompt.md,tasks/finalpool/analytics-dashboard/docs/user_system_prompt.md,f0cfee02e36e614c84649cb6bfe8abdb0fdd968f,54,100644
analytics-dashboard,lv,lv,tasks/lv/analytics-dashboard/evaluation/main.py,tasks/finalpool/analytics-dashboard/evaluation/main.py,d3ec5c3f84798d5ed16e21fbc01ae5548c92af16,282,100644
asset-optimizer,yuxuan-dev,yuxuan,tasks/yuxuan/asset-optimizer/docs/agent_system_prompt.md,tasks/finalpool/asset-optimizer/docs/agent_system_prompt.md,f804ede58fb9fd01292c3bb67a794fcab12a94b8,122,100644
asset-optimizer,yuxuan-dev,yuxuan,tasks/yuxuan/asset-optimizer/docs/task.md,tasks/finalpool/asset-optimizer/docs/task.md,3fe083333d57ac523223568a0125fc66e06dc852,89,100644
asset-optimizer,yuxuan-dev,yuxuan,tasks/yuxuan/asset-optimizer/evaluation/main.py,tasks/finalpool/asset-optimizer/evaluation/main.py,ac0fc2e202ca29d0e061b5fc90be45414099d48d,278,100644
asset-optimizer,yuxuan-dev,yuxuan,tasks/yuxuan/asset-optimizer/groundtruth_workspace/readme.txt,tasks/finalpool/asset-optimizer/groundtruth_workspace/readme.txt,003bd9662917f7cf5800dc7e2ea77efbad28798f,37,100644
asset-optimizer,yuxuan-dev,yuxuan,tasks/yuxuan/asset-optimizer/initial_workspace/readme.txt,tasks/finalpool/asset-optimizer/initial_workspace/readme.txt,037e22b77b8fa2fd7f6a2a19cd125dd524fb5072,38,100644
backup-utility,xiaochen_dev,xiaochen,tasks/xiaochen/backup-utility/docs/agent_system_prompt.md,tasks/finalpool/backup-utility/docs/agent_system_prompt.md,860943ea765cc2529954cd0b4970c3ca03cf983d,121,100644
backup-utility,xiaochen_dev,xiaochen,tasks/xiaochen/backup-utility/docs/task.md,tasks/finalpool/backup-utility/docs/task.md,df94e32a20f60177cdd730f49d29fc3edf8e575e,87,100644
backup-utility,xiaochen_dev,xiaochen,tasks/xiaochen/backup-utility/evaluation/main.py,tasks/finalpool/backup-utility/evaluation/main.py,c73ac7574c582d56dd988947e476f9d615d75786,277,100644
backup-utility,xiaochen_dev,xiaochen,tasks/xiaochen/backup-utility/preprocess/main.py,tasks/finalpool/backup-utility/preprocess/main.py,9b394352cab8316b37f15f0172e79d0e7e629e9e,56,100644
blog-engine,gyy,gyy,tasks/gyy/blog-engine/docs/agent_system_prompt.md,tasks/finalpool/blog-engine/docs/agent_system_prompt.md,cadecba4bbd0d0f9fadf1cfc43892bb905efb9fd,118,100644
blog-engine,gyy,gyy,tasks/gyy/blog-engine/docs/task.md,tasks/finalpool/blog-engine/docs/task.md,11b5f36c5772adcea4ff202d862653159c90556d,81,100644
blog-engine,gyy,gyy,tasks/gyy/blog-engine/evaluation/main.py,tasks/finalpool/blog-engine/evaluation/main.py,8ad8ad13c97fe7bc7252bdb099221d613c9c3456,274,100644
blog-engine,gyy,gyy,tasks/gyy/blog-engine/groundtruth_workspace/readme.txt,tasks/finalpool/blog-engine/groundtruth_workspace/readme.txt,1de574c1486ed5a8f488e3b975c1a445b6986840,33,100644
blog-engine,gyy,gyy,tasks/gyy/blog-engine/initial_workspace/readme.txt,tasks/finalpool/blog-engine/initial_workspace/readme.txt,2a1248ef2612c50d0e96f3847efb1cf03922930e,34,100644
blog-engine,gyy,gyy,tasks/gyy/blog-engine/preprocess/main.py,tasks/finalpool/blog-engine/preprocess/main.py,9b394352cab8316b37f15f0172e79d0e7e629e9e,56,100644
booking-system,junteng_dev,junteng,tasks/junteng/booking-system/docs/agent_system_prompt.md,tasks/finalpool/booking-system/docs/agent_system_prompt.md,9f31a9f20a8576fbbed62cd7c4ae87e70e755cf1,121,100644
booking-system,junteng_dev,junteng,tasks/junteng/booking-system/docs/task.md,tasks/finalpool/booking-system/docs/task.md,7a39ea59fd17d6e918b7196ec1a5d72abcca2860,87,100644
booking-system,junteng_dev,junteng,tasks/junteng/booking-system/docs/user_system_prompt.md,tasks/finalpool/booking-system/docs/user_system_prompt.md,6db1275608aa5347ba9ffc9686e89b553d649587,49,100644
booking-system,junteng_dev,junteng,tasks/junteng/booking-system/evaluation/main.py,tasks/finalpool/booking-system/evaluation/main.py,6233aa8b1ea587f2bed7d53cf8f4d2692a30a24e,277,100644
booking-system,junteng_dev,junteng,tasks/junteng/booking-system/groundtruth_workspace/readme.txt,tasks/finalpool/booking-system/groundtruth_workspace/readme.txt,4585d8e79e9954bf5f34c4f80196d527d71ea6c7,36,100644
booking-system,junteng_dev,junteng,tasks/junteng/booking-system/initial_workspace/readme.txt,tasks/finalpool/booking-system/initial_workspace/readme.txt,96007f01eb708f5e1be3da52ceb877825ae022db,37,100644
booking-system,junteng_dev,junteng,tasks/junteng/booking-system/preprocess/main.py,tasks/finalpool/booking-system/preprocess/main.py,9b394352cab8316b37f15f0172e79d0e7e629e9e,56,100644
cache-optimizer,wenshuo-dev,wenshuo,tasks/wenshuo/cache-optimizer/docs/agent_system_prompt.md,tasks/finalpool/cache-optimizer/docs/agent_system_prompt.md,e8a0f83716fc6ae613da604a058bcd48bf58c9fd,122,100644
cache-optimizer,wenshuo-dev,wenshuo,tasks/wenshuo/cache-optimizer/docs/task.md,tasks/finalpool/cache-optimizer/docs/task.md,fe0ef157e9d4e46b405e78e85239dc2d48d5c73e,89,100644
cache-optimizer,wenshuo-dev,wenshuo,tasks/wenshuo/cache-optimizer/evaluation/main.py,tasks/finalpool/cache-optimizer/evaluation/main.py,92a32801dee171b20a2577fe09706ad0d1859be5,278,100644
cache-optimizer,wenshuo-dev,wenshuo,tasks/wenshuo/cache-optimizer/preprocess/main.py,tasks/finalpool/cache-optimizer/preprocess/main.py,9b394352cab8316b37f15f0172e79d0e7e629e9e,56,100644
calendar-sync,junteng_dev,junteng,tasks/junteng/calendar-sync/docs/agent_system_prompt.md,tasks/finalpool/calendar-sync/docs/agent_system_prompt.md,a9686f317d8cbf9399ac00b8bdc903e50597fa58,120,100644
calendar-sync,junteng_dev,junteng,tasks/junteng/calendar-sync/docs/task.md,tasks/finalpool/calendar-sync/docs/task.md,9be622c99008e7e34d1c39b6145f87175d3c9076,85,100644
calendar-sync,junteng_dev,junteng,tasks/junteng/calendar-sync/docs/user_system_prompt.md,tasks/finalpool/calendar-sync/docs/user_system_prompt.md,76b7f760ce9a9a10d7277a233f7eae1c79c7422f,48,100644
calendar-sync,junteng_dev,junteng,tasks/junteng/calendar-sync/evaluation/main.py,tasks/finalpool/calendar-sync/evaluation/main.py,9b8b9bea63aa2ad9f1777128732ff80de97b5a39,276,100644
calendar-sync,junteng_dev,junteng,tasks/junteng/calendar-sync/groundtruth_workspace/readme.txt,tasks/finalpool/calendar-sync/groundtruth_workspace/readme.txt,a07ba1f36254f8d5f3fd7439af7fc829eebc5a2a,35,100644
calendar-sync,junteng_dev,junteng,tasks/junteng/calendar-sync/preprocess/main.py,tasks/finalpool/calendar-sync/preprocess/main.py,9b394352cab8316b37f15f0172e79d0e7e629e9e,56,100644
canvas-automation,ruige,ruige,tasks/ruige/canvas-automation/docs/agent_system_prompt.md,tasks/finalpool/canvas-automation/docs/agent_system_prompt.md,57542673b49188ace285f62695180ca38460c3e0,124,100644
canvas-automation,ruige,ruige,tasks/ruige/canvas-automation/docs/task.md,tasks/finalpool/canvas-automation/docs/task.md,c5909995cfec709d73b8d22317b5a6807b773430,93,100644
canvas-automation,ruige,ruige,tasks/ruige/canvas-automation/evaluation/main.py,tasks/finalpool/canvas-automation/evaluation/main.py,c0511c9c52bf305918e9ee91131308c7fc369c50,280,100644
canvas-automation,ruige,ruige,tasks/ruige/canvas-automation/initial_workspace/readme.txt,tasks/finalpool/canvas-automation/initial_workspace/readme.txt,da813cedf9c2a6c263ac78134b5632af19ed141a,40,100644
canvas-automation,ruige,ruige,tasks/ruige/canvas-automation/preprocess/main.py,tasks/finalpool/canvas-automation/preprocess/main.py,9b394352cab8316b37f15f0172e79d0e7e629e9e,56,100644
canvas-grade-automation,jl_dev,jl,tasks/jl/canvas-grade-automation/docs/agent_system_prompt.md,tasks/finalpool/canvas-grade-automation/docs/agent_system_prompt.md,fc8abeded1bf75b46d99a7ff461386a6dda27f87,130,100644
canvas-grade-automation,jl_dev,jl,tasks/jl/canvas-grade-automation/docs/task.md,tasks/finalpool/canvas-grade-automation/docs/task.md,b4bbfddfe6550b2a68b44d449b22e14e08fb6123,105,100644
canvas-grade-automation,jl_dev,jl,tasks/jl/canvas-grade-automation/evaluation/main.py,tasks/finalpool/canvas-grade-automation/evaluation/main.py,2e5b6f752eff456a70316987ebdab6f265507f39,286,100644
canvas-grade-automation,jl_dev,jl,tasks/jl/canvas-grade-automation/groundtruth_workspace/readme.txt,tasks/finalpool/canvas-grade-automation/groundtruth_workspace/readme.txt,6e09110842df2e9ce9485c99f8860c5b4099d827,45,100644
certificate-manager,zhaochen,zhaochen,tasks/zhaochen/certificate-manager/docs/agent_system_prompt.md,tasks/finalpool/certificate-manager/docs/agent_system_prompt.md,797cdb2e91381bf553fed995bdcce34650af9ebb,126,100644
certificate-manager,zhaochen,zhaochen,tasks/zhaochen/certificate-manager/docs/task.md,tasks/finalpool/certificate-manager/docs/task.md,45e0a04b009f554596afabc30dcdd2e1faa4e264,97,100644
certificate-manager,zhaochen,zhaochen,tasks/zhaochen/certificate-manager/evaluation/main.py,tasks/finalpool/certificate-manager/evaluation/main.py,8a10dea7101bb643cd55ba7550cc7f4201ea0dc6,282,100644
chat-bot,lv,lv,tasks/lv/chat-bot/docs/agent_system_prompt.md,tasks/finalpool/chat-bot/docs/agent_system_prompt.md,93526c818769a2eb93b8100787270a9e24c095c1,115,100644
chat-bot,lv,lv,tasks/lv/chat-bot/docs/task.md,tasks/finalpool/chat-bot/docs/task.md,333f77688bea51dbd2dc881b606d7caf92daa7cf,75,100644
chat-bot,lv,lv,tasks/lv/chat-bot/docs/user_system_prompt.md,tasks/finalpool/chat-bot/docs/user_system_prompt.md,1655610d1ab930c63034e63449ed45edf0e68511,43,100644
chat-bot,lv,lv,tasks/lv/chat-bot/evaluation/main.py,tasks/finalpool/chat-bot/evaluation/main.py,c8b7543e0f1b17c0c421ad8183b43bc7e1336bda,271,100644
chat-bot,lv,lv,tasks/lv/chat-bot/initial_workspace/readme.txt,tasks/finalpool/chat-bot/initial_workspace/readme.txt,949b059ef5b74403f49adee71c724dfa49e87c2b,31,100644
chat-bot,lv,lv,tasks/lv/chat-bot/preprocess/main.py,tasks/finalpool/chat-bot/preprocess/main.py,9b394352cab8316b37f15f0172e79d0e7e629e9e,56,100644
client-portal,lueyang-dev,lueyang,tasks/lueyang/client-portal/docs/agent_system_prompt.md,tasks/finalpool/client-portal/docs/agent_system_prompt.md,1517f069a2e75f7bbeb96e588a7c2d45c40afd03,120,100644
client-portal,lueyang-dev,lueyang,tasks/lueyang/client-portal/docs/task.md,tasks/finalpool/client-portal/docs/task.md,b2972de7e633dae74f8ae9c536fcee13f13d480f,85,100644
client-portal,lueyang-dev,lueyang,tasks/lueyang/client-portal/docs/user_system_prompt.md,tasks/finalpool/client-portal/docs/user_system_prompt.md,b5798087f827b8009c97d6b276b635567e894877,48,100644
client-portal,lueyang-dev,lueyang,tasks/lueyang/client-portal/evaluation/main.py,tasks/finalpool/client-portal/evaluation/main.py,33542a01153bf3948dafea667a86f190ea6048b0,276,100644
client-portal,lueyang-dev,lueyang,tasks/lueyang/client-portal/groundtruth_workspace/readme.txt,tasks/finalpool/client-portal/groundtruth_workspace/readme.txt,eb8eb2900079dd7b509bd5b27458e6449ec9e7c1,35,100644
client-portal,lueyang-dev,lueyang,tasks/lueyang/client-portal/initial_workspace/readme.txt,tasks/finalpool/client-portal/initial_workspace/readme.txt,612f91ae44c788a04fffa2b967f36c729c95df24,36,100644
client-portal,lueyang-dev,lueyang,tasks/lueyang/client-portal/preprocess/main.py,tasks/finalpool/client-portal/preprocess/main.py,9b394352cab8316b37f15f0172e79d0e7e629e9e,56,100644
cms-builder,gyy,gyy,tasks/gyy/cms-builder/docs/agent_system_prompt.md,tasks/finalpool/cms-builder/docs/agent_system_prompt.md,3fd93f44036bcc7e00ff5a3cb4ba0d0df974e534,118,100644
cms-builder,gyy,gyy,tasks/gyy/cms-builder/docs/task.md,tasks/finalpool/cms-builder/docs/task.md,3e0263be849fa646d773661b1901d82d95bb9c51,81,100644
cms-builder,gyy,gyy,tasks/gyy/cms-builder/docs/user_system_prompt.md,tasks/finalpool/cms-builder/docs/user_system_prompt.md,7193c26ca6f2eb7e74680e2298823d32197ad9c2,46,100644
cms-builder,gyy,gyy,tasks/gyy/cms-builder/evaluation/main.py,tasks/finalpool/cms-builder/evaluation/main.py,84ccab21d4368d2ef25f2bdf62bb154288a984e7,274,100644
cms-builder,gyy,gyy,tasks/gyy/cms-builder/groundtruth_workspace/readme.txt,tasks/finalpool/cms-builder/groundtruth_workspace/readme.txt,ad6f4c0740f549423822fe29e8bca71d6e8bbd56,33,100644
cms-builder,gyy,gyy,tasks/gyy/cms-builder/initial_workspace/readme.txt,tasks/finalpool/cms-builder/initial_workspace/readme.txt,ecea21fcefdd1dfb5df8918401e4383eebae7fbc,34,100644
cms-builder,gyy,gyy,tasks/gyy/cms-builder/preprocess/main.py,tasks/finalpool/cms-builder/preprocess/main.py,9b394352cab8316b37f15f0172e79d0e7e629e9e,56,100644
contact-manager,junteng_dev,junteng,tasks/junteng/contact-manager/docs/agent_system_prompt.md,tasks/finalpool/contact-manager/docs/agent_system_prompt.md,37a564aaf9099c8cedb30fcf68ff96688e2611bd,122,100644
contact-manager,junteng_dev,junteng,tasks/junteng/contact-manager/docs/task.md,tasks/finalpool/contact-manager/docs/task.md,047e004f43c5f76a2069e2027b65e740f1213acb,89,100644
contact-manager,junteng_dev,junteng,tasks/junteng/contact-manager/docs/user_system_prompt.md,tasks/finalpool/contact-manager/docs/user_system_prompt.md,f61c99cd042d195a59bc1d378f63ab9a2924f9ce,50,100644
contact-manager,junteng_dev,junteng,tasks/junteng/contact-manager/evaluation/main.py,tasks/finalpool/contact-manager/evaluation/main.py,8f2296d2d0b38234b96d07687c8d26d1a0e3beee,278,100644
contact-manager,junteng_dev,junteng,tasks/junteng/contact-manager/groundtruth_workspace/readme.txt,tasks/finalpool/contact-manager/groundtruth_workspace/readme.txt,56ed9150253f76819a49578b5447c0990160c654,37,100644
contact-manager,junteng_dev,junteng,tasks/junteng/contact-manager/preprocess/main.py,tasks/finalpool/contact-manager/preprocess/main.py,9b394352cab8316b37f15f0172e79d0e7e629e9e,56,100644
content-manager,yuxuan-dev,yuxuan,tasks/yuxuan/content-manager/docs/agent_system_prompt.md,tasks/finalpool/content-manager/docs/agent_system_prompt.md,3416a4b47d329c938f120b6248e9b3e28d258b8e,122,100644
content-manager,yuxuan-dev,yuxuan,tasks/yuxuan/content-manager/docs/task.md,tasks/finalpool/content-manager/docs/task.md,02802002d11bbee5f45b22104cb33748889a8182,89,100644
content-manager,yuxuan-dev,yuxuan,tasks/yuxuan/content-manager/docs/user_system_prompt.md,tasks/finalpool/content-manager/docs/user_system_prompt.md,3da6f472407e19b4cebcaa0cfaa79c4333e49ee8,50,100644
content-manager,yuxuan-dev,yuxuan,tasks/yuxuan/content-manager/evaluation/main.py,tasks/finalpool/content-manager/evaluation/main.py,982a15a5b39b53f36910a059262fa96900acc75d,278,100644
content-manager,yuxuan-dev,yuxuan,tasks/yuxuan/content-manager/groundtruth_workspace/readme.txt,tasks/finalpool/content-manager/groundtruth_workspace/readme.txt,44cb7891244e9588c9f1b0bce289eb4248e4b9ca,37,100644
content-manager,yuxuan-dev,yuxuan,tasks/yuxuan/content-manager/initial_workspace/readme.txt,tasks/finalpool/content-manager/initial_workspace/readme.txt,b620fa680180176c6fd35f999f5024c398c1773c,38,100644
content-manager,yuxuan-dev,yuxuan,tasks/yuxuan/content-manager/preprocess/main.py,tasks/finalpool/content-manager/preprocess/main.py,9b394352cab8316b37f15f0172e79d0e7e629e9e,56,100644
content-scheduler,gyy,gyy,tasks/gyy/content-scheduler/docs/agent_system_prompt.md,tasks/finalpool/content-scheduler/docs/agent_system_prompt.md,1e0c0a27995f9650cf4b2899ea778b873039f7f6,124,100644
content-scheduler,gyy,gyy,tasks/gyy/content-scheduler/docs/task.md,tasks/finalpool/content-scheduler/docs/task.md,de4bf4aad451d8ac4656459035e0d9ad5d887fd9,93,100644
content-scheduler,gyy,gyy,tasks/gyy/content-scheduler/docs/user_system_prompt.md,tasks/finalpool/content-scheduler/docs/user_system_prompt.md,341037927a67a56109c10f2b07cb6b8f7152c70d,52,100644
content-scheduler,gyy,gyy,tasks/gyy/content-scheduler/evaluation/main.py,tasks/finalpool/content-scheduler/evaluation/main.py,1f76ffb0b29aa7b71ea73bcb1514e37cb9340cbd,280,100644
content-scheduler,gyy,gyy,tasks/gyy/content-scheduler/preprocess/main.py,tasks/finalpool/content-scheduler/preprocess/main.py,9b394352cab8316b37f15f0172e79d0e7e629e9e,56,100644
coupon-manager,fan-dev,fan,tasks/fan/coupon-manager/docs/agent_system_prompt.md,tasks/finalpool/coupon-manager/docs/agent_system_prompt.md,a4125f15caf53f4a7e5a9da98729e0fe012df463,121,100644
coupon-manager,fan-dev,fan,tasks/fan/coupon-manager/docs/task.md,tasks/finalpool/coupon-manager/docs/task.md,d000140885bef28764fb67c9e8150f6582949e2f,87,100644
coupon-manager,fan-dev,fan,tasks/fan/coupon-manager/evaluation/main.py,tasks/finalpool/coupon-manager/evaluation/main.py,123fa3d7df8f6f8037b8e2264e8c4f31c66a5666,277,100644
coupon-manager,fan-dev,fan,tasks/fan/coupon-manager/groundtruth_workspace/readme.txt,tasks/finalpool/coupon-manager/groundtruth_workspace/readme.txt,cb660dd46db076cff399b0037cf492388776aed3,36,100644
crm-system,lueyang-dev,lueyang,tasks/lueyang/crm-system/docs/agent_system_prompt.md,tasks/finalpool/crm-system/docs/agent_system_prompt.md,aed247732dfcb2aa1e5ea9630626ca867282307e,117,100644
crm-system,lueyang-dev,lueyang,tasks/lueyang/crm-system/docs/task.md,tasks/finalpool/crm-system/docs/task.md,e99bf9b1a7b9de74288af440f69db4847592ac62,79,100644
crm-system,lueyang-dev,lueyang,tasks/lueyang/crm-system/docs/user_system_prompt.md,tasks/finalpool/crm-system/docs/user_system_prompt.md,3200c3655e06c0553894fe203e877dc8da945f25,45,100644
crm-system,lueyang-dev,lueyang,tasks/lueyang/crm-system/evaluation/main.py,tasks/finalpool/crm-system/evaluation/main.py,b0218b569f70f338a79124893d017a14582b5f38,273,100644
crm-system,lueyang-dev,lueyang,tasks/lueyang/crm-system/groundtruth_workspace/readme.txt,tasks/finalpool/crm-system/groundtruth_workspace/readme.txt,fd607ce9183b1793dd474638dbd68a4ac8aa3521,32,100644
crm-system,lueyang-dev,lueyang,tasks/lueyang/crm-system/initial_workspace/readme.txt,tasks/finalpool/crm-system/initial_workspace/readme.txt,862860d2ef59948fc1686d1d8ce95658943530c4,33,100644
crm-system,lueyang-dev,lueyang,tasks/lueyang/crm-system/preprocess/main.py,tasks/finalpool/crm-system/preprocess/main.py,9b394352cab8316b37f15f0172e79d0e7e629e9e,56,100644
customer-feedback-processor,jl_dev,jl,tasks/jl/customer-feedback-processor/docs/agent_system_prompt.md,tasks/finalpool/customer-feedback-processor/docs/agent_system_prompt.md,157b0b4847df890b300a85a9d7f188e5e6c24bfb,134,100644
customer-feedback-processor,jl_dev,jl,tasks/jl/customer-feedback-processor/docs/task.md,tasks/finalpool/customer-feedback-processor/docs/task.md,2f669aeb7fdc408ff850003005d3e4c121b64393,113,100644
customer-feedback-processor,jl_dev,jl,tasks/jl/customer-feedback-processor/evaluation/main.py,tasks/finalpool/customer-feedback-processor/evaluation/main.py,f12b85da1b6d3aea254fa5f405e20272b2ddb529,290,100644
customer-feedback-processor,jl_dev,jl,tasks/jl/customer-feedback-processor/groundtruth_workspace/readme.txt,tasks/finalpool/customer-feedback-processor/groundtruth_workspace/readme.txt,4b0898f2c6af4ddb8c30f6dc5f6098b06ccbf64a,49,100644
customer-feedback-processor,jl_dev,jl,tasks/jl/customer-feedback-processor/initial_workspace/readme.txt,tasks/finalpool/customer-feedback-processor/initial_workspace/readme.txt,e3f4210010ee569bf73d28942d7af72dfc2b39b2,50,100644
data-analytics,ruige,ruige,tasks/ruige/data-analytics/docs/agent_system_prompt.md,tasks/finalpool/data-analytics/docs/agent_system_prompt.md,30f7f40b714d40557a8ada656d89738fe37e3d35,121,100644
data-analytics,ruige,ruige,tasks/ruige/data-analytics/docs/task.md,tasks/finalpool/data-analytics/docs/task.md,fc59c3f6f70d04cc8619eacf7308d9aa008ab026,87,100644
data-analytics,ruige,ruige,tasks/ruige/data-analytics/evaluation/main.py,tasks/finalpool/data-analytics/evaluation/main.py,da13921e56f67ae3cb3cb803916fea1328a7509a,277,100644
data-analytics,ruige,ruige,tasks/ruige/data-analytics/groundtruth_workspace/readme.txt,tasks/finalpool/data-analytics/groundtruth_workspace/readme.txt,a75ccdc4512d71a637add259c6bbcee983869014,36,100644
data-analytics,ruige,ruige,tasks/ruige/data-analytics/preprocess/main.py,tasks/finalpool/data-analytics/preprocess/main.py,9b394352cab8316b37f15f0172e79d0e7e629e9e,56,100644
data-validator,yuzhen-dev,yuzhen,tasks/yuzhen/data-validator/docs/agent_system_prompt.md,tasks/finalpool/data-validator/docs/agent_system_prompt.md,4fdcc385006691101b328791c081dcff00f0eb52,121,100644
data-validator,yuzhen-dev,yuzhen,tasks/yuzhen/data-validator/docs/task.md,tasks/finalpool/data-validator/docs/task.md,43c54ce05bf411c675595b3531d8da5249793e9f,87,100644
data-validator,yuzhen-dev,yuzhen,tasks/yuzhen/data-validator/evaluation/main.py,tasks/finalpool/data-validator/evaluation/main.py,ec160b52e6c25a3b82ea801647627505220c41fa,277,100644
data-validator,yuzhen-dev,yuzhen,tasks/yuzhen/data-validator/initial_workspace/readme.txt,tasks/finalpool/data-validator/initial_workspace/readme.txt,4613c754e34d5d49ed8ccdfd523e5f9ed4619c81,37,100644
data-validator,yuzhen-dev,yuzhen,tasks/yuzhen/data-validator/preprocess/main.py,tasks/finalpool/data-validator/preprocess/main.py,9b394352cab8316b37f15f0172e79d0e7e629e9e,56,100644
deal-manager,lueyang-dev,lueyang,tasks/lueyang/deal-manager/docs/agent_system_prompt.md,tasks/finalpool/deal-manager/docs/agent_system_prompt.md,822d0dce4136a7099d835616a2ad4e7dbabd83ea,119,100644
deal-manager,lueyang-dev,lueyang,tasks/lueyang/deal-manager/docs/task.md,tasks/finalpool/deal-manager/docs/task.md,485125d05365a3496ea634487f779aaf4ac54f0d,83,100644
deal-manager,lueyang-dev,lueyang,tasks/lueyang/deal-manager/evaluation/main.py,tasks/finalpool/deal-manager/evaluation/main.py,ca2d0cdee461c21f47136a1ea1acb1a080c4c734,275,100644
deal-manager,lueyang-dev,lueyang,tasks/lueyang/deal-manager/groundtruth_workspace/readme.txt,tasks/finalpool/deal-manager/groundtruth_workspace/readme.txt,771c7bea48d247928eb5451fbbb1f744d58bfc60,34,100644
deal-manager,lueyang-dev,lueyang,tasks/lueyang/deal-manager/preprocess/main.py,tasks/finalpool/deal-manager/preprocess/main.py,9b394352cab8316b37f15f0172e79d0e7e629e9e,56,100644
deployment-tool,xiaochen_dev,xiaochen,tasks/xiaochen/deployment-tool/docs/agent_system_prompt.md,tasks/finalpool/deployment-tool/docs/agent_system_prompt.md,439254e7f3f367bbdb78937473c1370faca127a0,122,100644
deployment-tool,xiaochen_dev,xiaochen,tasks/xiaochen/deployment-tool/docs/task.md,tasks/finalpool/deployment-tool/docs/task.md,d2ed062095391518fb6782a6cec664197ee1ce3a,89,100644
deployment-tool,xiaochen_dev,xiaochen,tasks/xiaochen/deployment-tool/docs/user_system_prompt.md,tasks/finalpool/deployment-tool/docs/user_system_prompt.md,0f8ca4f49eb0995292794fbe362a0a2faabf3fa1,50,100644
deployment-tool,xiaochen_dev,xiaochen,tasks/xiaochen/deployment-tool/evaluation/main.py,tasks/finalpool/deployment-tool/evaluation/main.py,f51f8d260c56e40e8f0ef31ede8abcf613398665,278,100644
deployment-tool,xiaochen_dev,xiaochen,tasks/xiaochen/deployment-tool/groundtruth_workspace/readme.txt,tasks/finalpool/deployment-tool/groundtruth_workspace/readme.txt,059c7ef13be2d6f6922e45043f5a87da07d274da,37,100644
deployment-tool,xiaochen_dev,xiaochen,tasks/xiaochen/deployment-tool/preprocess/main.py,tasks/finalpool/deployment-tool/preprocess/main.py,9b394352cab8316b37f15f0172e79d0e7e629e9e,56,100644
discount-calculator,fan-dev,fan,tasks/fan/discount-calculator/docs/agent_system_prompt.md,tasks/finalpool/discount-calculator/docs/agent_system_prompt.md,1bdcfd62f608ab9f2aaaf551f49bbfb0af7d724f,126,100644
discount-calculator,fan-dev,fan,tasks/fan/discount-calculator/docs/task.md,tasks/finalpool/discount-calculator/docs/task.md,3d8ecabfbc24bdfede1fd777cfb9f0261283e6db,97,100644
discount-calculator,fan-dev,fan,tasks/fan/discount-calculator/evaluation/main.py,tasks/finalpool/discount-calculator/evaluation/main.py,b9e4eef4c4e300196112685ff154117c67a91c38,282,100644
discount-calculator,fan-dev,fan,tasks/fan/discount-calculator/preprocess/main.py,tasks/finalpool/discount-calculator/preprocess/main.py,9b394352cab8316b37f15f0172e79d0e7e629e9e,56,100644
email-campaign,lueyang-dev,lueyang,tasks/lueyang/email-campaign/docs/agent_system_prompt.md,tasks/finalpool/email-campaign/docs/agent_system_prompt.md,b5571ff0b8b29deac98e697c5eb8e883a532f763,121,100644
email-campaign,lueyang-dev,lueyang,tasks/lueyang/email-campaign/docs/task.md,tasks/finalpool/email-campaign/docs/task.md,bfb291790bbf84957f9ced0f353ddd041e3bc8fb,87,100644
email-campaign,lueyang-dev,lueyang,tasks/lueyang/email-campaign/docs/user_system_prompt.md,tasks/finalpool/email-campaign/docs/user_system_prompt.md,d02fc5512ae724903ba89bd35ef57b57c49bbe72,49,100644
email-campaign,lueyang-dev,lueyang,tasks/lueyang/email-campaign/evaluation/main.py,tasks/finalpool/email-campaign/evaluation/main.py,3ad9498d28802ad26a2c4cd8f7b3505e5f2e97c7,277,100644
email-campaign,lueyang-dev,lueyang,tasks/lueyang/email-campaign/groundtruth_workspace/readme.txt,tasks/finalpool/email-campaign/groundtruth_workspace/readme.txt,b594bff06f50288d1372cf0b869d924290ce8e8d,36,100644
email-campaign,lueyang-dev,lueyang,tasks/lueyang/email-campaign/preprocess/main.py,tasks/finalpool/email-campaign/preprocess/main.py,9b394352cab8316b37f15f0172e79d0e7e629e9e,56,100644
email-classification-system,jl_dev,jl,tasks/jl/email-classification-system/docs/agent_system_prompt.md,tasks/finalpool/email-classification-system/docs/agent_system_prompt.md,7358c0e4978c668ea8560853448a9a467ca48530,134,100644
email-classification-system,jl_dev,jl,tasks/jl/email-classification-system/docs/task.md,tasks/finalpool/email-classification-system/docs/task.md,ef4d26b7131794d13dd51596e0cd445fa291e7b9,113,100644
email-classification-system,jl_dev,jl,tasks/jl/email-classification-system/evaluation/main.py,tasks/finalpool/email-classification-system/evaluation/main.py,d59a313242de93a2dab55afc2ece5a861adae329,290,100644
email-classification-system,jl_dev,jl,tasks/jl/email-classification-system/groundtruth_workspace/readme.txt,tasks/finalpool/email-classification-system/groundtruth_workspace/readme.txt,1b84edb6030b5476891a6c0b2948996685c62344,49,100644
email-classification-system,jl_dev,jl,tasks/jl/email-classification-system/initial_workspace/readme.txt,tasks/finalpool/email-classification-system/initial_workspace/readme.txt,7403c7b29cbc3b9db40503530736e3d49f9cfaea,50,100644
email-classification-system,jl_dev,jl,tasks/jl/email-classification-system/preprocess/main.py,tasks/finalpool/email-classification-system/preprocess/main.py,9b394352cab8316b37f15f0172e79d0e7e629e9e,56,100644
error-tracker,xiaochen_dev,xiaochen,tasks/xiaochen/error-tracker/docs/agent_system_prompt.md,tasks/finalpool/error-tracker/docs/agent_system_prompt.md,7edfe1654a2825a42d61880372c0abd701fb5edf,120,100644
error-tracker,xiaochen_dev,xiaochen,tasks/xiaochen/error-tracker/docs/task.md,tasks/finalpool/error-tracker/docs/task.md,c405eeb6f1b98d809dbee2958bb85d3b061943d7,85,100644
error-tracker,xiaochen_dev,xiaochen,tasks/xiaochen/error-tracker/docs/user_system_prompt.md,tasks/finalpool/error-tracker/docs/user_system_prompt.md,98124156820c91c9ee809b9442a4b52138f46abc,48,100644
error-tracker,xiaochen_dev,xiaochen,tasks/xiaochen/error-tracker/evaluation/main.py,tasks/finalpool/error-tracker/evaluation/main.py,a5a871584aa65f2ffcbbe382c409baa16bdb3464,276,100644
error-tracker,xiaochen_dev,xiaochen,tasks/xiaochen/error-tracker/groundtruth_workspace/readme.txt,tasks/finalpool/error-tracker/groundtruth_workspace/readme.txt,889635f3d8493187c9551df574b31a6fe5ca5700,35,100644
expense-tracker,ruige,ruige,tasks/ruige/expense-tracker/docs/agent_system_prompt.md,tasks/finalpool/expense-tracker/docs/agent_system_prompt.md,dd1527c8e113eecde97aee2560abefa0b84b47a3,122,100644
expense-tracker,ruige,ruige,tasks/ruige/expense-tracker/docs/task.md,tasks/finalpool/expense-tracker/docs/task.md,2d04cc17877d1478cfc19a16b7027502b44e07dd,89,100644
expense-tracker,ruige,ruige,tasks/ruige/expense-tracker/docs/user_system_prompt.md,tasks/finalpool/expense-tracker/docs/user_system_prompt.md,f33b43ddad7e3c94292f11ce252d3e8b94f347ee,50,100644
expense-tracker,ruige,ruige,tasks/ruige/expense-tracker/evaluation/main.py,tasks/finalpool/expense-tracker/evaluation/main.py,aa44f7e511c249d1af973b84864d65f3783080b1,278,100644
expense-tracker,ruige,ruige,tasks/ruige/expense-tracker/preprocess/main.py,tasks/finalpool/expense-tracker/preprocess/main.py,9b394352cab8316b37f15f0172e79d0e7e629e9e,56,100644
feedback-collector,lv,lv,tasks/lv/feedback-collector/docs/agent_system_prompt.md,tasks/finalpool/feedback-collector/docs/agent_system_prompt.md,a2f93a5f687816bb7260a7df1eb8b3d0efcac228,125,100644
feedback-collector,lv,lv,tasks/lv/feedback-collector/docs/task.md,tasks/finalpool/feedback-collector/docs/task.md,0a80d28b35b96121a0fe41009bcfde09c8f16f08,95,100644
feedback-collector,lv,lv,tasks/lv/feedback-collector/docs/user_system_prompt.md,tasks/finalpool/feedback-collector/docs/user_system_prompt.md,1dcd2febfff0e0cf8983ea0d235a805020521ddb,53,100644
feedback-collector,lv,lv,tasks/lv/feedback-collector/evaluation/main.py,tasks/finalpool/feedback-collector/evaluation/main.py,987379d7c349b1082a48e3dcab79957f6ef6f684,281,100644
feedback-collector,lv,lv,tasks/lv/feedback-collector/initial_workspace/readme.txt,tasks/finalpool/feedback-collector/initial_workspace/readme.txt,fb367d1db387cabe5d03204fc154058af3d38565,41,100644
file-manager,ruige,ruige,tasks/ruige/file-manager/docs/agent_system_prompt.md,tasks/finalpool/file-manager/docs/agent_system_prompt.md,cbdafc0c1771b91fbb7d83108dbbde1fa740e2a6,119,100644
file-manager,ruige,ruige,tasks/ruige/file-manager/docs/task.md,tasks/finalpool/file-manager/docs/task.md,e47e4d2eb2cf76d40e429233889c96121cfdd1b9,83,100644
file-manager,ruige,ruige,tasks/ruige/file-manager/evaluation/main.py,tasks/finalpool/file-manager/evaluation/main.py,c2121537838967a339dac0eb02d379a68e783404,275,100644
file-manager,ruige,ruige,tasks/ruige/file-manager/initial_workspace/readme.txt,tasks/finalpool/file-manager/initial_workspace/readme.txt,39066d1c18ce88edd90983c9a399f868509f68a5,35,100644
follow-up-reminder,lueyang-dev,lueyang,tasks/lueyang/follow-up-reminder/docs/agent_system_prompt.md,tasks/finalpool/follow-up-reminder/docs/agent_system_prompt.md,1179aefbab97d59e6d3630ee1156b159a023c167,125,100644
follow-up-reminder,lueyang-dev,lueyang,tasks/lueyang/follow-up-reminder/docs/task.md,tasks/finalpool/follow-up-reminder/docs/task.md,793f1e2b6bbd40198ef47473d6b5a3b3b00d6fb4,95,100644
follow-up-reminder,lueyang-dev,lueyang,tasks/lueyang/follow-up-reminder/docs/user_system_prompt.md,tasks/finalpool/follow-up-reminder/docs/user_system_prompt.md,da206470878d2fcd3036c98103e41374e8a00021,53,100644
follow-up-reminder,lueyang-dev,lueyang,tasks/lueyang/follow-up-reminder/evaluation/main.py,tasks/finalpool/follow-up-reminder/evaluation/main.py,659cacbb0b821a3c19d3d60421adfda1dee7281d,281,100644
follow-up-reminder,lueyang-dev,lueyang,tasks/lueyang/follow-up-reminder/groundtruth_workspace/readme.txt,tasks/finalpool/follow-up-reminder/groundtruth_workspace/readme.txt,e53072f4489925e86ab63e9139ac46ea57a95c5b,40,100644
form-builder,yuzhen-dev,yuzhen,tasks/yuzhen/form-builder/docs/agent_system_prompt.md,tasks/finalpool/form-builder/docs/agent_system_prompt.md,870eb246b060e8f27a0e88a6c2ddea1ba7926f47,119,100644
form-builder,yuzhen-dev,yuzhen,tasks/yuzhen/form-builder/docs/task.md,tasks/finalpool/form-builder/docs/task.md,c51655a9f857be1aa69df47713602e4bfc8910ff,83,100644
form-builder,yuzhen-dev,yuzhen,tasks/yuzhen/form-builder/evaluation/main.py,tasks/finalpool/form-builder/evaluation/main.py,b0d50f2cb2a54e4ae50220d09023200577f91886,275,100644
health-monitor,xiaochen_dev,xiaochen,tasks/xiaochen/health-monitor/docs/agent_system_prompt.md,tasks/finalpool/health-monitor/docs/agent_system_prompt.md,22489282fa01127b66b5ff8b5e67c1c4a50282b3,121,100644
health-monitor,xiaochen_dev,xiaochen,tasks/xiaochen/health-monitor/docs/task.md,tasks/finalpool/health-monitor/docs/task.md,c072e606de558f670e54b5cfba11f6846e2ff37a,87,100644
health-monitor,xiaochen_dev,xiaochen,tasks/xiaochen/health-monitor/evaluation/main.py,tasks/finalpool/health-monitor/evaluation/main.py,dee407e6636554a1af1f1be958fb1e310479553c,277,100644
health-monitor,xiaochen_dev,xiaochen,tasks/xiaochen/health-monitor/groundtruth_workspace/readme.txt,tasks/finalpool/health-monitor/groundtruth_workspace/readme.txt,a7dabb5a68422eec4a32fb28f031449eb1452b34,36,100644
health-monitor,xiaochen_dev,xiaochen,tasks/xiaochen/health-monitor/initial_workspace/readme.txt,tasks/finalpool/health-monitor/initial_workspace/readme.txt,3c1c546d8ed8101c995dd5beef9a4279623ed70c,37,100644
health-monitor,xiaochen_dev,xiaochen,tasks/xiaochen/health-monitor/preprocess/main.py,tasks/finalpool/health-monitor/preprocess/main.py,9b394352cab8316b37f15f0172e79d0e7e629e9e,56,100644
help-desk,junteng_dev,junteng,tasks/junteng/help-desk/docs/agent_system_prompt.md,tasks/finalpool/help-desk/docs/agent_system_prompt.md,10fab205dbf151acc2d5e5539c84f74458aeb1f5,116,100644
help-desk,junteng_dev,junteng,tasks/junteng/help-desk/docs/task.md,tasks/finalpool/help-desk/docs/task.md,75b6b54d90fec686967b8824864756abd9b64ebd,77,100644
help-desk,junteng_dev,junteng,tasks/junteng/help-desk/docs/user_system_prompt.md,tasks/finalpool/help-desk/docs/user_system_prompt.md,fb10b29717704427fcd9ff27299698e5caba32c8,44,100644
help-desk,junteng_dev,junteng,tasks/junteng/help-desk/evaluation/main.py,tasks/finalpool/help-desk/evaluation/main.py,6e609f0e6240f62d22fdafc511fe6a28f115011b,272,100644
help-desk,junteng_dev,junteng,tasks/junteng/help-desk/groundtruth_workspace/readme.txt,tasks/finalpool/help-desk/groundtruth_workspace/readme.txt,a0b36c00abe7ca4450a5f92ee1329d23b3f83c83,31,100644
help-desk,junteng_dev,junteng,tasks/junteng/help-desk/preprocess/main.py,tasks/finalpool/help-desk/preprocess/main.py,9b394352cab8316b37f15f0172e79d0e7e629e9e,56,100644
image-processor,wenshuo-dev,wenshuo,tasks/wenshuo/image-processor/docs/agent_system_prompt.md,tasks/finalpool/image-processor/docs/agent_system_prompt.md,c738b9ebe133115b5536f7ee1d086218ca4e99b1,122,100644
image-processor,wenshuo-dev,wenshuo,tasks/wenshuo/image-processor/docs/task.md,tasks/finalpool/image-processor/docs/task.md,6f13328b1879ea0de0cceb14a4775d61b5116294,89,100644
image-processor,wenshuo-dev,wenshuo,tasks/wenshuo/image-processor/docs/user_system_prompt.md,tasks/finalpool/image-processor/docs/user_system_prompt.md,bbbda1442d34b6be91a733095116f343d5d66b90,50,100644
image-processor,wenshuo-dev,wenshuo,tasks/wenshuo/image-processor/evaluation/main.py,tasks/finalpool/image-processor/evaluation/main.py,1c088069188713e74fecccaa4f4e8f9eda7ab4f5,278,100644
image-processor,wenshuo-dev,wenshuo,tasks/wenshuo/image-processor/initial_workspace/readme.txt,tasks/finalpool/image-processor/initial_workspace/readme.txt,72e4d939567bf3e5f36df385066aece2b804c516,38,100644
image-processor,wenshuo-dev,wenshuo,tasks/wenshuo/image-processor/preprocess/main.py,tasks/finalpool/image-processor/preprocess/main.py,9b394352cab8316b37f15f0172e79d0e7e629e9e,56,100644
inventory-management,jl_dev,jl,tasks/jl/inventory-management/docs/agent_system_prompt.md,tasks/finalpool/inventory-management/docs/agent_system_prompt.md,56ee0a61c68c7393f581f05b02679d4f20175b57,127,100644
inventory-management,jl_dev,jl,tasks/jl/inventory-management/docs/task.md,tasks/finalpool/inventory-management/docs/task.md,a07413add4206c0e0d6f49eb7a5d3839b3e124a7,99,100644
inventory-management,jl_dev,jl,tasks/jl/inventory-management/evaluation/main.py,tasks/finalpool/inventory-management/evaluation/main.py,640d0821929a5977933b153ba91aef0697bdfbb6,283,100644
inventory-management,jl_dev,jl,tasks/jl/inventory-management/groundtruth_workspace/readme.txt,tasks/finalpool/inventory-management/groundtruth_workspace/readme.txt,4cf94c012fe1cc5e30d03bf157626cb751008f88,42,100644
invoice-generator,yuzhen-dev,yuzhen,tasks/yuzhen/invoice-generator/docs/agent_system_prompt.md,tasks/finalpool/invoice-generator/docs/agent_system_prompt.md,c293d75e1e1356dbf45b01b624684863e7eac1b5,124,100644
invoice-generator,yuzhen-dev,yuzhen,tasks/yuzhen/invoice-generator/docs/task.md,tasks/finalpool/invoice-generator/docs/task.md,a474010b52142c80d6819c6fd3325ee1c3c6e1a9,93,100644
invoice-generator,yuzhen-dev,yuzhen,tasks/yuzhen/invoice-generator/evaluation/main.py,tasks/finalpool/invoice-generator/evaluation/main.py,3ee457d91f4bb51e4916a8c2da8f36bccf92f2b8,280,100644
invoice-generator,yuzhen-dev,yuzhen,tasks/yuzhen/invoice-generator/initial_workspace/readme.txt,tasks/finalpool/invoice-generator/initial_workspace/readme.txt,440f4424b1dd8fe42fe9b9482f1581305e383376,40,100644
load-balancer,zhaochen,zhaochen,tasks/zhaochen/load-balancer/docs/agent_system_prompt.md,tasks/finalpool/load-balancer/docs/agent_system_prompt.md,1c2b01c2794000ece302b598364fe2aed79bf7f8,120,100644
load-balancer,zhaochen,zhaochen,tasks/zhaochen/load-balancer/docs/task.md,tasks/finalpool/load-balancer/docs/task.md,7c0a385ca9ec28286b83140ca60494e2644753bd,85,100644
load-balancer,zhaochen,zhaochen,tasks/zhaochen/load-balancer/evaluation/main.py,tasks/finalpool/load-balancer/evaluation/main.py,d052e55c9bf85e7a4d66d51f8d71b35cc728c4c5,276,100644
load-balancer,zhaochen,zhaochen,tasks/zhaochen/load-balancer/preprocess/main.py,tasks/finalpool/load-balancer/preprocess/main.py,9b394352cab8316b37f15f0172e79d0e7e629e9e,56,100644
log-analyzer,ruige,ruige,tasks/ruige/log-analyzer/docs/agent_system_prompt.md,tasks/finalpool/log-analyzer/docs/agent_system_prompt.md,787cac4c94488aadbcfd2a59973ff8cbce0a46c9,119,100644
log-analyzer,ruige,ruige,tasks/ruige/log-analyzer/docs/task.md,tasks/finalpool/log-analyzer/docs/task.md,c1c6f84f9813037b551bb6e5d26670fd88ca316e,83,100644
log-analyzer,ruige,ruige,tasks/ruige/log-analyzer/evaluation/main.py,tasks/finalpool/log-analyzer/evaluation/main.py,9f2e006a08d1d20ca406dd698cd2b826ce5263d9,275,100644
log-analyzer,ruige,ruige,tasks/ruige/log-analyzer/initial_workspace/readme.txt,tasks/finalpool/log-analyzer/initial_workspace/readme.txt,beee2d168acd9fce94b7ff29254be4ce52684679,35,100644
log-analyzer,ruige,ruige,tasks/ruige/log-analyzer/preprocess/main.py,tasks/finalpool/log-analyzer/preprocess/main.py,9b394352cab8316b37f15f0172e79d0e7e629e9e,56,100644
loyalty-program,fan-dev,fan,tasks/fan/loyalty-program/docs/agent_system_prompt.md,tasks/finalpool/loyalty-program/docs/agent_system_prompt.md,6c9e7dd708db3ed0ba93a180ffb693a89b9f991c,122,100644
loyalty-program,fan-dev,fan,tasks/fan/loyalty-program/docs/task.md,tasks/finalpool/loyalty-program/docs/task.md,1eff915fadf6900d7f060735550efd4caa761051,89,100644
loyalty-program,fan-dev,fan,tasks/fan/loyalty-program/docs/user_system_prompt.md,tasks/finalpool/loyalty-program/docs/user_system_prompt.md,a1414b9adaee6d5acba9a8514e4dc8c10564d790,50,100644
loyalty-program,fan-dev,fan,tasks/fan/loyalty-program/evaluation/main.py,tasks/finalpool/loyalty-program/evaluation/main.py,54242173a188c09e6f0362bcb50a3c4c339b9c7f,278,100644
loyalty-program,fan-dev,fan,tasks/fan/loyalty-program/groundtruth_workspace/readme.txt,tasks/finalpool/loyalty-program/groundtruth_workspace/readme.txt,8b17eba8a7213fb60c29765fdadbcf31888f2928,37,100644
media-organizer,haoze,haoze,tasks/haoze/media-organizer/docs/agent_system_prompt.md,tasks/finalpool/media-organizer/docs/agent_system_prompt.md,c0a5ad88b861884791c55b2c7671d318355ff8c4,122,100644
media-organizer,haoze,haoze,tasks/haoze/media-organizer/docs/task.md,tasks/finalpool/media-organizer/docs/task.md,52a6dba3157fd7f40e795c0c91cb26732b2db55b,89,100644
media-organizer,haoze,haoze,tasks/haoze/media-organizer/docs/user_system_prompt.md,tasks/finalpool/media-organizer/docs/user_system_prompt.md,189aa16b1bc8edf27d079924430aa05298d7aba5,50,100644
media-organizer,haoze,haoze,tasks/haoze/media-organizer/evaluation/main.py,tasks/finalpool/media-organizer/evaluation/main.py,5c84a130d79f0efbd2051d8bacf8601f1354735e,278,100644
media-organizer,haoze,haoze,tasks/haoze/media-organizer/groundtruth_workspace/readme.txt,tasks/finalpool/media-organizer/groundtruth_workspace/readme.txt,312aa3e47102cc647bae8def3467cb912264ceda,37,100644
media-organizer,haoze,haoze,tasks/haoze/media-organizer/initial_workspace/readme.txt,tasks/finalpool/media-organizer/initial_workspace/readme.txt,7706b80b1b0d40c07b64292b2cc9b24fe83103af,38,100644
media-organizer,haoze,haoze,tasks/haoze/media-organizer/preprocess/main.py,tasks/finalpool/media-organizer/preprocess/main.py,9b394352cab8316b37f15f0172e79d0e7e629e9e,56,100644
monitoring-agent,xiaochen_dev,xiaochen,tasks/xiaochen/monitoring-agent/docs/agent_system_prompt.md,tasks/finalpool/monitoring-agent/docs/agent_system_prompt.md,f1d59a5d391b5761835db741f6a942c01c27653a,123,100644
monitoring-agent,xiaochen_dev,xiaochen,tasks/xiaochen/monitoring-agent/docs/task.md,tasks/finalpool/monitoring-agent/docs/task.md,eece2322fe63c72a3c0ea9f1df8b434137c14e90,91,100644
monitoring-agent,xiaochen_dev,xiaochen,tasks/xiaochen/monitoring-agent/evaluation/main.py,tasks/finalpool/monitoring-agent/evaluation/main.py,3363334252f44878e898d7a4fae802dd6844e231,279,100644
monitoring-agent,xiaochen_dev,xiaochen,tasks/xiaochen/monitoring-agent/groundtruth_workspace/readme.txt,tasks/finalpool/monitoring-agent/groundtruth_workspace/readme.txt,34bcbbe1f6f6f96c42d98b8ceb2ad5eed4cd3200,38,100644
monitoring-agent,xiaochen_dev,xiaochen,tasks/xiaochen/monitoring-agent/preprocess/main.py,tasks/finalpool/monitoring-agent/preprocess/main.py,9b394352cab8316b37f15f0172e79d0e7e629e9e,56,100644
network-analyzer,yuxuan-dev,yuxuan,tasks/yuxuan/network-analyzer/docs/agent_system_prompt.md,tasks/finalpool/network-analyzer/docs/agent_system_prompt.md,69f6a79bc99e06a3474d552900a8b1925a668d50,123,100644
network-analyzer,yuxuan-dev,yuxuan,tasks/yuxuan/network-analyzer/docs/task.md,tasks/finalpool/network-analyzer/docs/task.md,474295ab9a63e34b404e4fbf40458e2f8c388663,91,100644
network-analyzer,yuxuan-dev,yuxuan,tasks/yuxuan/network-analyzer/evaluation/main.py,tasks/finalpool/network-analyzer/evaluation/main.py,38306e8f69d42cb0c26a07c00ebeeb340b2b0ffd,279,100644
order-processor,junteng_dev,junteng,tasks/junteng/order-processor/docs/agent_system_prompt.md,tasks/finalpool/order-processor/docs/agent_system_prompt.md,551b26678450a3109da2f021331e5c7b47340e5c,122,100644
order-processor,junteng_dev,junteng,tasks/junteng/order-processor/docs/task.md,tasks/finalpool/order-processor/docs/task.md,80c3094dc46fd6277a3edc355ba369dff9908fea,89,100644
order-processor,junteng_dev,junteng,tasks/junteng/order-processor/evaluation/main.py,tasks/finalpool/order-processor/evaluation/main.py,d7be8a27076fd29d9800c597607bf995b0b4d3ca,278,100644
order-processor,junteng_dev,junteng,tasks/junteng/order-processor/initial_workspace/readme.txt,tasks/finalpool/order-processor/initial_workspace/readme.txt,9bc4c8c2f543a3e00f2aaf52d3cac3fc4d61a186,38,100644
payment-processor,yuzhen-dev,yuzhen,tasks/yuzhen/payment-processor/docs/agent_system_prompt.md,tasks/finalpool/payment-processor/docs/agent_system_prompt.md,2dac5ae1038b129bb721bfffbdf774822956de98,124,100644
payment-processor,yuzhen-dev,yuzhen,tasks/yuzhen/payment-processor/docs/task.md,tasks/finalpool/payment-processor/docs/task.md,7ab01099d715c4b3a643280464582fabfd590e32,93,100644
payment-processor,yuzhen-dev,yuzhen,tasks/yuzhen/payment-processor/docs/user_system_prompt.md,tasks/finalpool/payment-processor/docs/user_system_prompt.md,fadb1bca67b2a0e7869ca5302fa2d413386506ab,52,100644
payment-processor,yuzhen-dev,yuzhen,tasks/yuzhen/payment-processor/evaluation/main.py,tasks/finalpool/payment-processor/evaluation/main.py,7b815ec12ed6cd461921ec5d3f0293b21b16dace,280,100644
payment-processor,yuzhen-dev,yuzhen,tasks/yuzhen/payment-processor/groundtruth_workspace/readme.txt,tasks/finalpool/payment-processor/groundtruth_workspace/readme.txt,f0bbd0d0a6729357f09f78d2e4a809a66f481d55,39,100644
pdf-report-generator,jl_dev,jl,tasks/jl/pdf-report-generator/docs/agent_system_prompt.md,tasks/finalpool/pdf-report-generator/docs/agent_system_prompt.md,62db8dc075cda6da4f3f0c3fa8b373524d32211b,127,100644
pdf-report-generator,jl_dev,jl,tasks/jl/pdf-report-generator/docs/task.md,tasks/finalpool/pdf-report-generator/docs/task.md,2b55c6adc7323f8e45d313cffc30380c9ea53442,99,100644
pdf-report-generator,jl_dev,jl,tasks/jl/pdf-report-generator/docs/user_system_prompt.md,tasks/finalpool/pdf-report-generator/docs/user_system_prompt.md,1c02cf84b856db4600d16eacd13e06af26c73af7,55,100644
pdf-report-generator,jl_dev,jl,tasks/jl/pdf-report-generator/evaluation/main.py,tasks/finalpool/pdf-report-generator/evaluation/main.py,d81995c4d247dc1339c63c9babbd0c1fda79e1a8,283,100644
pdf-report-generator,jl_dev,jl,tasks/jl/pdf-report-generator/groundtruth_workspace/readme.txt,tasks/finalpool/pdf-report-generator/groundtruth_workspace/readme.txt,11350ab1898ef9b63e7ecba0d78fbdbbc8e44123,42,100644
pdf-report-generator,jl_dev,jl,tasks/jl/pdf-report-generator/initial_workspace/readme.txt,tasks/finalpool/pdf-report-generator/initial_workspace/readme.txt,62aa6c0fa7688557012af61025fa576a73c57812,43,100644
permission-manager,yuzhen-dev,yuzhen,tasks/yuzhen/permission-manager/docs/agent_system_prompt.md,tasks/finalpool/permission-manager/docs/agent_system_prompt.md,6ea4a757b1c5355e13fd8c60a1112a390ef734ee,125,100644
permission-manager,yuzhen-dev,yuzhen,tasks/yuzhen/permission-manager/docs/task.md,tasks/finalpool/permission-manager/docs/task.md,fc0d74d29fd77c1b941be474d7564842cdae8093,95,100644
permission-manager,yuzhen-dev,yuzhen,tasks/yuzhen/permission-manager/evaluation/main.py,tasks/finalpool/permission-manager/evaluation/main.py,30f2138eb459341c7f24a969ca6647c86084fb7d,281,100644
permission-manager,yuzhen-dev,yuzhen,tasks/yuzhen/permission-manager/initial_workspace/readme.txt,tasks/finalpool/permission-manager/initial_workspace/readme.txt,01a1d345896fa4f6daff621e073d14f082d718ef,41,100644
permission-manager,yuzhen-dev,yuzhen,tasks/yuzhen/permission-manager/preprocess/main.py,tasks/finalpool/permission-manager/preprocess/main.py,9b394352cab8316b37f15f0172e79d0e7e629e9e,56,100644
personalization-service,lv,lv,tasks/lv/personalization-service/docs/agent_system_prompt.md,tasks/finalpool/personalization-service/docs/agent_system_prompt.md,a5a746fd57bd52ff20e8801bf6a32ed8e39d375a,130,100644
personalization-service,lv,lv,tasks/lv/personalization-service/docs/task.md,tasks/finalpool/personalization-service/docs/task.md,6bdbf2bd286948414a732205a502c9e06336ee2b,105,100644
personalization-service,lv,lv,tasks/lv/personalization-service/evaluation/main.py,tasks/finalpool/personalization-service/evaluation/main.py,75683b4a6baacc47daf8991e7a84e532dfd0be1e,286,100644
personalization-service,lv,lv,tasks/lv/personalization-service/preprocess/main.py,tasks/finalpool/personalization-service/preprocess/main.py,9b394352cab8316b37f15f0172e79d0e7e629e9e,56,100644
price-tracker,fan-dev,fan,tasks/fan/price-tracker/docs/agent_system_prompt.md,tasks/finalpool/price-tracker/docs/agent_system_prompt.md,4d38c4f2c9daeea975f76e7f701d2d536c997d7e,120,100644
price-tracker,fan-dev,fan,tasks/fan/price-tracker/docs/task.md,tasks/finalpool/price-tracker/docs/task.md,66908fff5310e6ab65f9882c44cc71568715974e,85,100644
price-tracker,fan-dev,fan,tasks/fan/price-tracker/evaluation/main.py,tasks/finalpool/price-tracker/evaluation/main.py,b6c6f37202e826e8444fc223b6e82c7cc3e2d9c2,276,100644
price-tracker,fan-dev,fan,tasks/fan/price-tracker/groundtruth_workspace/readme.txt,tasks/finalpool/price-tracker/groundtruth_workspace/readme.txt,1617067aea180d556b21366e720b3e3c99b10f8b,35,100644
product-catalog,junteng_dev,junteng,tasks/junteng/product-catalog/docs/agent_system_prompt.md,tasks/finalpool/product-catalog/docs/agent_system_prompt.md,d3a114a3596772e5ac400dc35fdc29d4e96d365a,122,100644
product-catalog,junteng_dev,junteng,tasks/junteng/product-catalog/docs/task.md,tasks/finalpool/product-catalog/docs/task.md,c246972a18fef82bf5ab87e73b7e3dd4c0ddced1,89,100644
product-catalog,junteng_dev,junteng,tasks/junteng/product-catalog/docs/user_system_prompt.md,tasks/finalpool/product-catalog/docs/user_system_prompt.md,b8e7ce47c5fd73414624e52974ce17baefe827e3,50,100644
product-catalog,junteng_dev,junteng,tasks/junteng/product-catalog/evaluation/main.py,tasks/finalpool/product-catalog/evaluation/main.py,aa5ad4fee1fa6eb3248c4003f8848f3d6075344e,278,100644
product-catalog,junteng_dev,junteng,tasks/junteng/product-catalog/groundtruth_workspace/readme.txt,tasks/finalpool/product-catalog/groundtruth_workspace/readme.txt,15a9147f4513299969477158e87bf807f5edb214,37,100644
product-catalog,junteng_dev,junteng,tasks/junteng/product-catalog/preprocess/main.py,tasks/finalpool/product-catalog/preprocess/main.py,9b394352cab8316b37f15f0172e79d0e7e629e9e,56,100644
qr-generator,junxian_dev,junxian,tasks/junxian/qr-generator/docs/agent_system_prompt.md,tasks/finalpool/qr-generator/docs/agent_system_prompt.md,8db26807ba38149e429f8f4aba83c8d011541d63,119,100644
qr-generator,junxian_dev,junxian,tasks/junxian/qr-generator/docs/task.md,tasks/finalpool/qr-generator/docs/task.md,2b426d9a7901bbf0d468d3f9fa22dafcf2cd008c,83,100644
qr-generator,junxian_dev,junxian,tasks/junxian/qr-generator/docs/user_system_prompt.md,tasks/finalpool/qr-generator/docs/user_system_prompt.md,e90d40478fd954df2b7c9548ce56895fd193881b,47,100644
qr-generator,junxian_dev,junxian,tasks/junxian/qr-generator/evaluation/main.py,tasks/finalpool/qr-generator/evaluation/main.py,c973acb75e915c0b66a0a8767c1759dc5874e61a,275,100644
qr-generator,junxian_dev,junxian,tasks/junxian/qr-generator/groundtruth_workspace/readme.txt,tasks/finalpool/qr-generator/groundtruth_workspace/readme.txt,c732c9722d42fe395597d1a58f4b14dae8ae4a85,34,100644
qr-generator,junxian_dev,junxian,tasks/junxian/qr-generator/preprocess/main.py,tasks/finalpool/qr-generator/preprocess/main.py,9b394352cab8316b37f15f0172e79d0e7e629e9e,56,100644
reminder-service,junteng_dev,junteng,tasks/junteng/reminder-service/docs/agent_system_prompt.md,tasks/finalpool/reminder-service/docs/agent_system_prompt.md,e445c597a9e7a5d2de67a04579636694f3180d73,123,100644
reminder-service,junteng_dev,junteng,tasks/junteng/reminder-service/docs/task.md,tasks/finalpool/reminder-service/docs/task.md,6d1f79bc7d57d98706b602af5f8a106237707ea8,91,100644
reminder-service,junteng_dev,junteng,tasks/junteng/reminder-service/evaluation/main.py,tasks/finalpool/reminder-service/evaluation/main.py,463abec43dab7601b7bfa2ae5fd495ab258c9e22,279,100644
reminder-service,junteng_dev,junteng,tasks/junteng/reminder-service/preprocess/main.py,tasks/finalpool/reminder-service/preprocess/main.py,9b394352cab8316b37f15f0172e79d0e7e629e9e,56,100644
robots-handler,gyy,gyy,tasks/gyy/robots-handler/docs/agent_system_prompt.md,tasks/finalpool/robots-handler/docs/agent_system_prompt.md,652e53d9c98a2068a4c06b3ecf2df6db6d9b65ed,121,100644
robots-handler,gyy,gyy,tasks/gyy/robots-handler/docs/task.md,tasks/finalpool/robots-handler/docs/task.md,8d146caf4746f561ae0e27cb444a10d86183d006,87,100644
robots-handler,gyy,gyy,tasks/gyy/robots-handler/docs/user_system_prompt.md,tasks/finalpool/robots-handler/docs/user_system_prompt.md,42b2943ce2f0bfaba5a94a6b5a6335839d86e56d,49,100644
robots-handler,gyy,gyy,tasks/gyy/robots-handler/evaluation/main.py,tasks/finalpool/robots-handler/evaluation/main.py,e3d977afa8477964b0a0ab1bd8ee6488df9c1c95,277,100644
robots-handler,gyy,gyy,tasks/gyy/robots-handler/groundtruth_workspace/readme.txt,tasks/finalpool/robots-handler/groundtruth_workspace/readme.txt,66479d87a3417416bad68cb6d11d5f5452e00b64,36,100644
robots-handler,gyy,gyy,tasks/gyy/robots-handler/initial_workspace/readme.txt,tasks/finalpool/robots-handler/initial_workspace/readme.txt,e15fb47910fddcf130933858859b4becc54ed9b3,37,100644
robots-handler,gyy,gyy,tasks/gyy/robots-handler/preprocess/main.py,tasks/finalpool/robots-handler/preprocess/main.py,9b394352cab8316b37f15f0172e79d0e7e629e9e,56,100644
sales-pipeline,lueyang-dev,lueyang,tasks/lueyang/sales-pipeline/docs/agent_system_prompt.md,tasks/finalpool/sales-pipeline/docs/agent_system_prompt.md,2dd7a0dc2d72ecc26c5747d30a40ee5de3786708,121,100644
sales-pipeline,lueyang-dev,lueyang,tasks/lueyang/sales-pipeline/docs/task.md,tasks/finalpool/sales-pipeline/docs/task.md,683835d0289a34bbda8e6abd902eae10a552aa07,87,100644
sales-pipeline,lueyang-dev,lueyang,tasks/lueyang/sales-pipeline/evaluation/main.py,tasks/finalpool/sales-pipeline/evaluation/main.py,bef059eca8e7d6055ae90d8d89af5eec90a8fc64,277,100644
scheduler,wenshuo-dev,wenshuo,tasks/wenshuo/scheduler/docs/agent_system_prompt.md,tasks/finalpool/scheduler/docs/agent_system_prompt.md,edbe02a2f2ad8d2cf334de9e852859aa2f3be8a2,116,100644
scheduler,wenshuo-dev,wenshuo,tasks/wenshuo/scheduler/docs/task.md,tasks/finalpool/scheduler/docs/task.md,7d1a8c3db4db84b67f4c2e5e8a39664187f05bc9,77,100644
scheduler,wenshuo-dev,wenshuo,tasks/wenshuo/scheduler/docs/user_system_prompt.md,tasks/finalpool/scheduler/docs/user_system_prompt.md,5868c0884584cc0a516bb55315534f474a80a7d1,44,100644
scheduler,wenshuo-dev,wenshuo,tasks/wenshuo/scheduler/evaluation/main.py,tasks/finalpool/scheduler/evaluation/main.py,c389fb2e3ac6c75976368a8ac3b13cb9eb0ef62e,272,100644
scheduler,wenshuo-dev,wenshuo,tasks/wenshuo/scheduler/initial_workspace/readme.txt,tasks/finalpool/scheduler/initial_workspace/readme.txt,d6508ec045df9ded70831f2df311c112f4dec8b5,32,100644
search-engine,wenshuo-dev,wenshuo,tasks/wenshuo/search-engine/docs/agent_system_prompt.md,tasks/finalpool/search-engine/docs/agent_system_prompt.md,ee8bd1152adaa1febee6a545afe869f82218066d,120,100644
search-engine,wenshuo-dev,wenshuo,tasks/wenshuo/search-engine/docs/task.md,tasks/finalpool/search-engine/docs/task.md,373d85d588537e49d0a006a3004ae261dfe44acd,85,100644
search-engine,wenshuo-dev,wenshuo,tasks/wenshuo/search-engine/docs/user_system_prompt.md,tasks/finalpool/search-engine/docs/user_system_prompt.md,920bda31ecd9b20ef8ecab98034443badca8c004,48,100644
search-engine,wenshuo-dev,wenshuo,tasks/wenshuo/search-engine/evaluation/main.py,tasks/finalpool/search-engine/evaluation/main.py,2bbc1fbf452f20340ee486184e43195cbc5a898d,276,100644
search-engine,wenshuo-dev,wenshuo,tasks/wenshuo/search-engine/groundtruth_workspace/readme.txt,tasks/finalpool/search-engine/groundtruth_workspace/readme.txt,3a498c55ca910a6ba023467dcc39471debdf8e5c,35,100644
search-engine,wenshuo-dev,wenshuo,tasks/wenshuo/search-engine/initial_workspace/readme.txt,tasks/finalpool/search-engine/initial_workspace/readme.txt,82aad236774f14678654ac72ce6115319d3158ab,36,100644
search-engine,wenshuo-dev,wenshuo,tasks/wenshuo/search-engine/preprocess/main.py,tasks/finalpool/search-engine/preprocess/main.py,9b394352cab8316b37f15f0172e79d0e7e629e9e,56,100644
security-scanner,xiaochen_dev,xiaochen,tasks/xiaochen/security-scanner/docs/agent_system_prompt.md,tasks/finalpool/security-scanner/docs/agent_system_prompt.md,e745356d4926ddb8bc3e5c0b962d40db2fee99ba,123,100644
security-scanner,xiaochen_dev,xiaochen,tasks/xiaochen/security-scanner/docs/task.md,tasks/finalpool/security-scanner/docs/task.md,1199f9a9047109e31a6032683e31b83e2758b0e7,91,100644
security-scanner,xiaochen_dev,xiaochen,tasks/xiaochen/security-scanner/evaluation/main.py,tasks/finalpool/security-scanner/evaluation/main.py,aa598887d36c39d12ee0900fd4e80f42647d40ef,279,100644
security-scanner,xiaochen_dev,xiaochen,tasks/xiaochen/security-scanner/groundtruth_workspace/readme.txt,tasks/finalpool/security-scanner/groundtruth_workspace/readme.txt,8c0812f9acde523b2ec33a95b11ea343a4923a5c,38,100644
security-scanner,xiaochen_dev,xiaochen,tasks/xiaochen/security-scanner/initial_workspace/readme.txt,tasks/finalpool/security-scanner/initial_workspace/readme.txt,78119296337a3f0852b581afc89b037810e9ce26,39,100644
sentiment-analyzer,lv,lv,tasks/lv/sentiment-analyzer/docs/agent_system_prompt.md,tasks/finalpool/sentiment-analyzer/docs/agent_system_prompt.md,15552e6fa79e783c9a3f6ffe95201998693e3110,125,100644
sentiment-analyzer,lv,lv,tasks/lv/sentiment-analyzer/docs/task.md,tasks/finalpool/sentiment-analyzer/docs/task.md,8fae54191c25c52f8dc5c55760896acb756cec57,95,100644
sentiment-analyzer,lv,lv,tasks/lv/sentiment-analyzer/evaluation/main.py,tasks/finalpool/sentiment-analyzer/evaluation/main.py,e1d8d5a33a9891857e36f7798e9d6094546ffd69,281,100644
sentiment-analyzer,lv,lv,tasks/lv/sentiment-analyzer/preprocess/main.py,tasks/finalpool/sentiment-analyzer/preprocess/main.py,9b394352cab8316b37f15f0172e79d0e7e629e9e,56,100644
shipment-tracker,junteng_dev,junteng,tasks/junteng/shipment-tracker/docs/agent_system_prompt.md,tasks/finalpool/shipment-tracker/docs/agent_system_prompt.md,8ffb5d89c371aa407343c2939c66801f06efedc0,123,100644
shipment-tracker,junteng_dev,junteng,tasks/junteng/shipment-tracker/docs/task.md,tasks/finalpool/shipment-tracker/docs/task.md,514db2bd7b8dc61995970cd1e2e3041c9f06def9,91,100644
shipment-tracker,junteng_dev,junteng,tasks/junteng/shipment-tracker/evaluation/main.py,tasks/finalpool/shipment-tracker/evaluation/main.py,62b0f5dee47a625768c19307ea01c59439a65d90,279,100644
social-connector,junxian_dev,junxian,tasks/junxian/social-connector/docs/agent_system_prompt.md,tasks/finalpool/social-connector/docs/agent_system_prompt.md,6677eb21c0757b4308632f5b919a5f039c36d39e,123,100644
social-connector,junxian_dev,junxian,tasks/junxian/social-connector/docs/task.md,tasks/finalpool/social-connector/docs/task.md,556cef93dcb1ee0ada8d6dc0349f5eda07134ef8,91,100644
social-connector,junxian_dev,junxian,tasks/junxian/social-connector/docs/user_system_prompt.md,tasks/finalpool/social-connector/docs/user_system_prompt.md,4ac3b3bce4c143a26182f6d83c66a2a142b073d0,51,100644
social-connector,junxian_dev,junxian,tasks/junxian/social-connector/evaluation/main.py,tasks/finalpool/social-connector/evaluation/main.py,f7a497dc80a9bda0c4002fa777ec1d578f76c3ca,279,100644
social-connector,junxian_dev,junxian,tasks/junxian/social-connector/groundtruth_workspace/readme.txt,tasks/finalpool/social-connector/groundtruth_workspace/readme.txt,507f1bb35ec304a17910ec80e16bc1509d1bdda1,38,100644
social-connector,junxian_dev,junxian,tasks/junxian/social-connector/initial_workspace/readme.txt,tasks/finalpool/social-connector/initial_workspace/readme.txt,6e3d26684d34d27b70ba68e31971354a89b49e51,39,100644
social-connector,junxian_dev,junxian,tasks/junxian/social-connector/preprocess/main.py,tasks/finalpool/social-connector/preprocess/main.py,9b394352cab8316b37f15f0172e79d0e7e629e9e,56,100644
social-publisher,gyy,gyy,tasks/gyy/social-publisher/docs/agent_system_prompt.md,tasks/finalpool/social-publisher/docs/agent_system_prompt.md,9cd9ceb6a1c32565473edc6d9e50f4418e4b8c9c,123,100644
social-publisher,gyy,gyy,tasks/gyy/social-publisher/docs/task.md,tasks/finalpool/social-publisher/docs/task.md,de9b502f7043c52a7149825db48ce07bc1d98e65,91,100644
social-publisher,gyy,gyy,tasks/gyy/social-publisher/evaluation/main.py,tasks/finalpool/social-publisher/evaluation/main.py,9afe0bc2d3bb40a16b57afc938ad146054d0e9f1,279,100644
social-publisher,gyy,gyy,tasks/gyy/social-publisher/initial_workspace/readme.txt,tasks/finalpool/social-publisher/initial_workspace/readme.txt,a85c0f309aeb3838e34de8c3cbc7c5de259fcd7d,39,100644
social-publisher,gyy,gyy,tasks/gyy/social-publisher/preprocess/main.py,tasks/finalpool/social-publisher/preprocess/main.py,9b394352cab8316b37f15f0172e79d0e7e629e9e,56,100644
status-checker,xiaochen_dev,xiaochen,tasks/xiaochen/status-checker/docs/agent_system_prompt.md,tasks/finalpool/status-checker/docs/agent_system_prompt.md,b36bad0d786965dffa8037205cba681e9dffccd7,121,100644
status-checker,xiaochen_dev,xiaochen,tasks/xiaochen/status-checker/docs/task.md,tasks/finalpool/status-checker/docs/task.md,101ffe053a4d3535adcf41cafaa95d9cb451cc38,87,100644
status-checker,xiaochen_dev,xiaochen,tasks/xiaochen/status-checker/docs/user_system_prompt.md,tasks/finalpool/status-checker/docs/user_system_prompt.md,a9306a97582404e8a102d9aad58e199f5f64d334,49,100644
status-checker,xiaochen_dev,xiaochen,tasks/xiaochen/status-checker/evaluation/main.py,tasks/finalpool/status-checker/evaluation/main.py,c2ba975d4a28b2ba149ea3c1c4884db0d958b139,277,100644
status-checker,xiaochen_dev,xiaochen,tasks/xiaochen/status-checker/preprocess/main.py,tasks/finalpool/status-checker/preprocess/main.py,9b394352cab8316b37f15f0172e79d0e7e629e9e,56,100644
storage-manager,zhaochen,zhaochen,tasks/zhaochen/storage-manager/docs/agent_system_prompt.md,tasks/finalpool/storage-manager/docs/agent_system_prompt.md,d83b07e5e019733b19e4d94f6ee8a73b0832a566,122,100644
storage-manager,zhaochen,zhaochen,tasks/zhaochen/storage-manager/docs/task.md,tasks/finalpool/storage-manager/docs/task.md,3534c551a2f4a888e9fadc7807cd26ece92ee362,89,100644
storage-manager,zhaochen,zhaochen,tasks/zhaochen/storage-manager/evaluation/main.py,tasks/finalpool/storage-manager/evaluation/main.py,9638a4f0c65187073d51bbf4aab98a36d6341647,278,100644
streaming-service,haoze,haoze,tasks/haoze/streaming-service/docs/agent_system_prompt.md,tasks/finalpool/streaming-service/docs/agent_system_prompt.md,5b6e38e19b61e201d448cacb4d305a96df3742bd,124,100644
streaming-service,haoze,haoze,tasks/haoze/streaming-service/docs/task.md,tasks/finalpool/streaming-service/docs/task.md,0a07c6b3472f2d4d6cff00f2b0a910730b328e92,93,100644
streaming-service,haoze,haoze,tasks/haoze/streaming-service/docs/user_system_prompt.md,tasks/finalpool/streaming-service/docs/user_system_prompt.md,321dc50395f6dca824d87a34c707267ec051a1be,52,100644
streaming-service,haoze,haoze,tasks/haoze/streaming-service/evaluation/main.py,tasks/finalpool/streaming-service/evaluation/main.py,454d9cfac1db0f95c1e504231389d03141a89521,280,100644
streaming-service,haoze,haoze,tasks/haoze/streaming-service/groundtruth_workspace/readme.txt,tasks/finalpool/streaming-service/groundtruth_workspace/readme.txt,0fc39c49c7cf48fec8744bd2b471bc453ccdd415,39,100644
subtitle-generator,haoze,haoze,tasks/haoze/subtitle-generator/docs/agent_system_prompt.md,tasks/finalpool/subtitle-generator/docs/agent_system_prompt.md,c966720ba6f26eed7ade307faaa6059958a87b0b,125,100644
subtitle-generator,haoze,haoze,tasks/haoze/subtitle-generator/docs/task.md,tasks/finalpool/subtitle-generator/docs/task.md,650b51bb511a480b329a512db103f10c17daddce,95,100644
subtitle-generator,haoze,haoze,tasks/haoze/subtitle-generator/docs/user_system_prompt.md,tasks/finalpool/subtitle-generator/docs/user_system_prompt.md,87759b275740731c790fa35e744418b028f75ce7,53,100644
subtitle-generator,haoze,haoze,tasks/haoze/subtitle-generator/evaluation/main.py,tasks/finalpool/subtitle-generator/evaluation/main.py,f79bcbb1b0aaeb17d4aacd6be21239e28b6345ef,281,100644
subtitle-generator,haoze,haoze,tasks/haoze/subtitle-generator/groundtruth_workspace/readme.txt,tasks/finalpool/subtitle-generator/groundtruth_workspace/readme.txt,76df0c8ad9a6eba7fa81e3cbf44ebdc2345b2813,40,100644
subtitle-generator,haoze,haoze,tasks/haoze/subtitle-generator/initial_workspace/readme.txt,tasks/finalpool/subtitle-generator/initial_workspace/readme.txt,83a4d84b908998328e45ee890e19f9230b12f2d6,41,100644
survey-builder,lv,lv,tasks/lv/survey-builder/docs/agent_system_prompt.md,tasks/finalpool/survey-builder/docs/agent_system_prompt.md,435baa2f8abc154ad1039251da9f0466fcb0a744,121,100644
survey-builder,lv,lv,tasks/lv/survey-builder/docs/task.md,tasks/finalpool/survey-builder/docs/task.md,fcca3086fdd19f0ef995163008f4d36009774043,87,100644
survey-builder,lv,lv,tasks/lv/survey-builder/evaluation/main.py,tasks/finalpool/survey-builder/evaluation/main.py,520d991dceeaf0a2de4c28e8f52b712441c5c672,277,100644
survey-builder,lv,lv,tasks/lv/survey-builder/initial_workspace/readme.txt,tasks/finalpool/survey-builder/initial_workspace/readme.txt,f638bdb4d0e138bdadd128aeae1fa76b2c46b8a5,37,100644
sync-service,yuxuan-dev,yuxuan,tasks/yuxuan/sync-service/docs/agent_system_prompt.md,tasks/finalpool/sync-service/docs/agent_system_prompt.md,e1c110f16b47ce65c12475739ca4967edef6b800,119,100644
sync-service,yuxuan-dev,yuxuan,tasks/yuxuan/sync-service/docs/task.md,tasks/finalpool/sync-service/docs/task.md,802dec98162233b2c24bd805e095ba9d25ac3b81,83,100644
sync-service,yuxuan-dev,yuxuan,tasks/yuxuan/sync-service/docs/user_system_prompt.md,tasks/finalpool/sync-service/docs/user_system_prompt.md,394e058bf842a7bbe4345d5a88b8a880f5db9fc5,47,100644
sync-service,yuxuan-dev,yuxuan,tasks/yuxuan/sync-service/evaluation/main.py,tasks/finalpool/sync-service/evaluation/main.py,af455e2de59a88ae4812da54dd9208cb03c9060a,275,100644
sync-service,yuxuan-dev,yuxuan,tasks/yuxuan/sync-service/initial_workspace/readme.txt,tasks/finalpool/sync-service/initial_workspace/readme.txt,070a1eb940097f296b31528e6b0bf1cb24b4bc6a,35,100644
tag-manager,gyy,gyy,tasks/gyy/tag-manager/docs/agent_system_prompt.md,tasks/finalpool/tag-manager/docs/agent_system_prompt.md,3eacf7cb439f05c833d6a2809dea00232e4af6fe,118,100644
tag-manager,gyy,gyy,tasks/gyy/tag-manager/docs/task.md,tasks/finalpool/tag-manager/docs/task.md,f555002f3bcb89ff0033ced12b0260e90b2d1fe8,81,100644
tag-manager,gyy,gyy,tasks/gyy/tag-manager/docs/user_system_prompt.md,tasks/finalpool/tag-manager/docs/user_system_prompt.md,34c7f0234d5d54744b5827d82e7ae536e245888e,46,100644
tag-manager,gyy,gyy,tasks/gyy/tag-manager/evaluation/main.py,tasks/finalpool/tag-manager/evaluation/main.py,8bd4e95aff00bd84a64b83159054fb2c9235087b,274,100644
tag-manager,gyy,gyy,tasks/gyy/tag-manager/groundtruth_workspace/readme.txt,tasks/finalpool/tag-manager/groundtruth_workspace/readme.txt,f3729197b2d58a26e5cffe60d5712bd70b2d1401,33,100644
tag-manager,gyy,gyy,tasks/gyy/tag-manager/initial_workspace/readme.txt,tasks/finalpool/tag-manager/initial_workspace/readme.txt,76e79ade64f6dbb4740668b6fff3035326fdcc57,34,100644
tag-manager,gyy,gyy,tasks/gyy/tag-manager/preprocess/main.py,tasks/finalpool/tag-manager/preprocess/main.py,9b394352cab8316b37f15f0172e79d0e7e629e9e,56,100644
task-scheduler,yuxuan-dev,yuxuan,tasks/yuxuan/task-scheduler/docs/agent_system_prompt.md,tasks/finalpool/task-scheduler/docs/agent_system_prompt.md,a23389721fb17bbca0c98f786025f0a55cac0374,121,100644
task-scheduler,yuxuan-dev,yuxuan,tasks/yuxuan/task-scheduler/docs/task.md,tasks/finalpool/task-scheduler/docs/task.md,0df5feb41d8e485181589d629e13008ca6b8a843,87,100644
task-scheduler,yuxuan-dev,yuxuan,tasks/yuxuan/task-scheduler/evaluation/main.py,tasks/finalpool/task-scheduler/evaluation/main.py,07f1544b37d8c9e252cd49831d4f8f126deabf1b,277,100644
template-engine,zhaochen,zhaochen,tasks/zhaochen/template-engine/docs/agent_system_prompt.md,tasks/finalpool/template-engine/docs/agent_system_prompt.md,f8ebcb9a7522610c646696f1886e73a93dc4303e,122,100644
template-engine,zhaochen,zhaochen,tasks/zhaochen/template-engine/docs/task.md,tasks/finalpool/template-engine/docs/task.md,639da1accc77ad51ec2b00e1db57e01cee30638d,89,100644
template-engine,zhaochen,zhaochen,tasks/zhaochen/template-engine/evaluation/main.py,tasks/finalpool/template-engine/evaluation/main.py,e8fc0443dbbf92f6ab126837ba02d9981b8c3d22,278,100644
territory-manager,lueyang-dev,lueyang,tasks/lueyang/territory-manager/docs/agent_system_prompt.md,tasks/finalpool/territory-manager/docs/agent_system_prompt.md,08376b399e30616f77ad99ce9be8e819123c26fb,124,100644
territory-manager,lueyang-dev,lueyang,tasks/lueyang/territory-manager/docs/task.md,tasks/finalpool/territory-manager/docs/task.md,ab21f2198daea50975e01dcdd30a38c7f5cd6767,93,100644
territory-manager,lueyang-dev,lueyang,tasks/lueyang/territory-manager/docs/user_system_prompt.md,tasks/finalpool/territory-manager/docs/user_system_prompt.md,0fbe596d346f5e8a83e6196a4d75436d3a8979f2,52,100644
territory-manager,lueyang-dev,lueyang,tasks/lueyang/territory-manager/evaluation/main.py,tasks/finalpool/territory-manager/evaluation/main.py,1b0b35268d4f3ac1b8669763d24925ad2632ba9c,280,100644
territory-manager,lueyang-dev,lueyang,tasks/lueyang/territory-manager/groundtruth_workspace/readme.txt,tasks/finalpool/territory-manager/groundtruth_workspace/readme.txt,74cde9fbcb835763fd5845ee2a84b21753f7c4e8,39,100644
translation-api,junxian_dev,junxian,tasks/junxian/translation-api/docs/agent_system_prompt.md,tasks/finalpool/translation-api/docs/agent_system_prompt.md,0f764f434788638ec67717e2ef5fe4d533f1a277,122,100644
translation-api,junxian_dev,junxian,tasks/junxian/translation-api/docs/task.md,tasks/finalpool/translation-api/docs/task.md,6e1f7dbd9f10355b889bbd298d4f04184fae2963,89,100644
translation-api,junxian_dev,junxian,tasks/junxian/translation-api/evaluation/main.py,tasks/finalpool/translation-api/evaluation/main.py,9393c988c7ae582066b8ce2ee3bab42ee03ffceb,278,100644
translation-api,junxian_dev,junxian,tasks/junxian/translation-api/initial_workspace/readme.txt,tasks/finalpool/translation-api/initial_workspace/readme.txt,66f7f8d2aa9f3a8e12a8b2ca7596551f6b7b6759,38,100644
translation-api,junxian_dev,junxian,tasks/junxian/translation-api/preprocess/main.py,tasks/finalpool/translation-api/preprocess/main.py,9b394352cab8316b37f15f0172e79d0e7e629e9e,56,100644
video-trimmer,haoze,haoze,tasks/haoze/video-trimmer/docs/agent_system_prompt.md,tasks/finalpool/video-trimmer/docs/agent_system_prompt.md,61294abce5e93ca8ad31b6a6d4b9b731e60f9676,120,100644
video-trimmer,haoze,haoze,tasks/haoze/video-trimmer/docs/task.md,tasks/finalpool/video-trimmer/docs/task.md,4175bc67f11e776b59c8bbc94a08f9215f11eadd,85,100644
video-trimmer,haoze,haoze,tasks/haoze/video-trimmer/evaluation/main.py,tasks/finalpool/video-trimmer/evaluation/main.py,16da2f57072e2c2d5c983149b8010738f912de61,276,100644
video-trimmer,haoze,haoze,tasks/haoze/video-trimmer/initial_workspace/readme.txt,tasks/finalpool/video-trimmer/initial_workspace/readme.txt,fe2b540b9b50a52946134141edc3563c95c5ea07,36,100644
voice-processor,lv,lv,tasks/lv/voice-processor/docs/agent_system_prompt.md,tasks/finalpool/voice-processor/docs/agent_system_prompt.md,18f5747c4501733029338f2a5da8bcce069850da,122,100644
voice-processor,lv,lv,tasks/lv/voice-processor/docs/task.md,tasks/finalpool/voice-processor/docs/task.md,4a07ed721358b824dc6f6f730a1501800a243718,89,100644
voice-processor,lv,lv,tasks/lv/voice-processor/docs/user_system_prompt.md,tasks/finalpool/voice-processor/docs/user_system_prompt.md,93cadbb437abedce8fcb235c4ce1741439bba9a3,50,100644
voice-processor,lv,lv,tasks/lv/voice-processor/evaluation/main.py,tasks/finalpool/voice-processor/evaluation/main.py,2e91016fe65ba9d74a5f491211a477f9a139a305,278,100644
voice-processor,lv,lv,tasks/lv/voice-processor/preprocess/main.py,tasks/finalpool/voice-processor/preprocess/main.py,9b394352cab8316b37f15f0172e79d0e7e629e9e,56,100644
web-crawler,ruige,ruige,tasks/ruige/web-crawler/docs/agent_system_prompt.md,tasks/finalpool/web-crawler/docs/agent_system_prompt.md,22e9cf6d8750db1dbe58a72087f82ad488de9bdf,118,100644
web-crawler,ruige,ruige,tasks/ruige/web-crawler/docs/task.md,tasks/finalpool/web-crawler/docs/task.md,a800d698b1b19229671a2b9b75c5d207c6fda520,81,100644
web-crawler,ruige,ruige,tasks/ruige/web-crawler/evaluation/main.py,tasks/finalpool/web-crawler/evaluation/main.py,7a023f673f868414748f97af8de32d184af6a5c5,274,100644
web-crawler,ruige,ruige,tasks/ruige/web-crawler/initial_workspace/readme.txt,tasks/finalpool/web-crawler/initial_workspace/readme.txt,ccd7abdb50cb8db964e3987e8ef934cbf4381143,34,100644
